filename	h1_id	h1_text
20260109_jsdoc_python_github_actions_design.html	jsdoc-python-docstring-github-actions	JSDoc / Python docstring
Ã— GitHub Actions
20260109_jsdoc_python_summary.html	jsdoc-python-docstring-æ´»ç”¨ã¾ã¨ã‚	JSDoc / Python docstring
æ´»ç”¨ã¾ã¨ã‚
20260131_codex_cli_summary.html	codex-è¨­å®šã¾ã‚ã‚Šã®-cli-æ“ä½œæ•´ç†å®Ÿå‹™å‘ã‘ã‚³ãƒ”ãƒšå¯	Codex
è¨­å®šã¾ã‚ã‚Šã® CLI æ“ä½œæ•´ç†ï¼ˆå®Ÿå‹™å‘ã‘ãƒ»ã‚³ãƒ”ãƒšå¯ï¼‰
20260131_codex_prompt_setup.html	codex-ãƒ—ãƒ­ãƒ³ãƒ—ãƒˆè¨­å®šç®¡ç†-æ‰‹é †æ›¸ç°¡æ˜“ç‰ˆ	Codex
ãƒ—ãƒ­ãƒ³ãƒ—ãƒˆè¨­å®šãƒ»ç®¡ç† æ‰‹é †æ›¸ï¼ˆç°¡æ˜“ç‰ˆï¼‰
20260131_md_workflow_latest5.html	mdãƒ•ã‚¡ã‚¤ãƒ«é‹ç”¨ãƒŸãƒ‹æ‰‹é †æ›¸è£œè¶³	MDãƒ•ã‚¡ã‚¤ãƒ«é‹ç”¨ãƒŸãƒ‹æ‰‹é †æ›¸ï¼ˆè£œè¶³ï¼‰
20260131_UX_Improvement_Proposal.html	index.html-uxui-æ”¹è‰¯ææ¡ˆæ›¸	index.html UX/UI æ”¹è‰¯ææ¡ˆæ›¸
index.html		ğŸ“š è³‡æ–™ä¸€è¦§